{"schemaVersion":"1.0","appDefinitionTemplate":{"id":"/providers/Microsoft.PowerApps/apps/","type":"Microsoft.PowerApps/apps","tags":{"minimumRequiredApiVersion":"2.2.0","sienaVersion":"20200427T185346Z-3.20063.8.0"},"properties":{"appVersion":"2020-04-27T18:53:46Z","lifeCycleId":"Published","createdByClientVersion":{"major":3,"minor":19023,"build":12,"revision":0,"majorRevision":0,"minorRevision":0},"minClientVersion":{"major":3,"minor":19023,"build":12,"revision":0,"majorRevision":0,"minorRevision":0},"backgroundColor":"rgba(175, 229, 178, 1)","backgroundImageUri":"/2953717846631836582/Nf22b297d-daf6-48b3-a941-1b9ba087e288-N48d9952e-df47-4b03-8ffa-923e1e228158-logoSmallFile","displayName":"Device Ordering App","description":"","appUris":{"documentUri":{"value":"/2953717846631836582/N4520e98a-47e4-4a97-8db7-9fec54395a7b-Nf4e59ac2-db17-4b10-9e55-350faf195d4b-document.msapp","readonlyValue":"/2953717846631836582/N4520e98a-47e4-4a97-8db7-9fec54395a7b-Nf4e59ac2-db17-4b10-9e55-350faf195d4b-document.msapp"},"imageUris":[]},"createdTime":"0001-01-01T00:00:00Z","lastModifiedTime":"0001-01-01T00:00:00Z","sharedGroupsCount":0,"sharedUsersCount":0,"icons":{"smallIconUri":"/2953717846631836582/Nab74fc09-5369-4501-956e-26613f00c137-N03b23ea7-9006-425d-a1bc-504ed178b8bb-small.png","mediumIconUri":"/2953717846631836582/N082ff44c-7484-4237-b0a8-b08a2975a114-N18c48ec2-df63-4903-8fa2-88bc8ad8ae10-medium.png","largeIconUri":"/2953717846631836582/Nbf2277eb-3edf-4797-a5e9-f95dc14c5a0e-N992b9ee2-dc54-4d33-af8a-848f0686657e-large.png","wideIconUri":"/2953717846631836582/Nc4d4560a-25e1-40fa-b0bd-52b0043173d8-Ndb188c57-dc7d-4cec-a204-68f3ae2082ee-wide.png"},"connectionReferences":{"5bf2dde9-dd18-40cd-80f7-cc8b80db8397":{"id":"2371a292-f000-436f-979f-9e9a31b80eb2","displayName":"Common Data Service","iconUri":"https://connectoricons-prod.azureedge.net/commondataservice/icon_1.0.1335.1964.png","dataSources":["Device Orders"],"dependencies":[],"dependents":[],"parameterHints":{},"isOnPremiseConnection":false,"bypassConsent":false,"dataSets":{"default.cds":{"dataSources":{"Device Orders":{"tableName":"cr6bd_deviceorders"}}}},"apiTier":"Premium","isCustomApiConnection":false},"0b898e32-326e-40eb-8743-a0c06d425941":{"id":"2c6f2158-f63d-4620-b829-960af3ba7de9","displayName":"Office 365 Users","iconUri":"https://connectoricons-prod.azureedge.net/office365users/icon_1.0.1335.1964.png","dataSources":["Office365Users"],"dependencies":[],"dependents":[],"parameterHints":{},"isOnPremiseConnection":false,"bypassConsent":false,"dataSets":{},"apiTier":"Standard","isCustomApiConnection":false}},"databaseReferences":{},"almMode":"Environment"},"appType":"ClassicCanvasApp","appComponents":[]}}